{
 "type": "block",
 "layer": 0,
 "block": 1,
 "features": [
  {
   "geom": {
    "polygons": [
     [
      [
       [
        18.01216980163448,
        -6.809010696753327
       ],
       [
        17.933118764814694,
        -4.61282068618892
       ],
       [
        19.856328576415017,
        -4.542659590959714
       ],
       [
        19.93727433993294,
        -6.738998115709583
       ],
       [
        18.01216980163448,
        -6.809010696753327
       ]
      ]
     ]
    ],
    "centroids": [
     [
      18.934745268322374,
      -5.676051164680076,
      0.0
     ]
    ],
    "h": 0.19793879115918595
   },
   "mtl": {
    "face": 2,
    "border": 1
   }
  }
 ]
}