{
 "type": "block",
 "layer": 10,
 "block": 0,
 "features": [
  {
   "geom": {
    "polygons": [
     [
      [
       [
        -7.003565391593769,
        -7.568565076417276
       ],
       [
        -7.058056373620886,
        -5.3739880466920935
       ],
       [
        -5.136274778134325,
        -5.32537101655899
       ],
       [
        -5.079898726872773,
        -7.520051167067944
       ],
       [
        -7.003565391593769,
        -7.568565076417276
       ]
      ]
     ]
    ],
    "centroids": [
     [
      -6.069433299743471,
      -6.447172491027509,
      0.0
     ]
    ],
    "h": 0.3958775823183719
   },
   "mtl": {
    "face": 0,
    "border": 1
   }
  },
  {
   "geom": {
    "polygons": [
     [
      [
       [
        -3.331469004273191,
        -0.8854569901676616
       ],
       [
        -3.3902743068686405,
        1.3093998086081473
       ],
       [
        -1.4740005916535404,
        1.361650975501563
       ],
       [
        -1.4132914172462596,
        -0.833314028946476
       ],
       [
        -3.331469004273191,
        -0.8854569901676616
       ]
      ]
     ]
    ],
    "centroids": [
     [
      -2.402242255520781,
      0.2378890383017817,
      0.0
     ]
    ],
    "h": 0.19793879115918595
   },
   "mtl": {
    "face": 2,
    "border": 1
   }
  },
  {
   "geom": {
    "polygons": [
     [
      [
       [
        -1.4740005916535404,
        1.361650975501563
       ],
       [
        -1.5348964446486535,
        3.5566388163367586
       ],
       [
        0.3795625664690716,
        3.6106659718530296
       ],
       [
        0.4423687892705863,
        1.415567150245204
       ],
       [
        -1.4740005916535404,
        1.361650975501563
       ]
      ]
     ]
    ],
    "centroids": [
     [
      -0.546724316879299,
      2.4859490705109044,
      0.0
     ]
    ],
    "h": 0.5938163734775579
   },
   "mtl": {
    "face": 3,
    "border": 1
   }
  },
  {
   "geom": {
    "polygons": [
     [
      [
       [
        0.5049824961339655,
        -0.7795094918731844
       ],
       [
        0.4423687892705863,
        1.415567150245204
       ],
       [
        2.3588368615100275,
        1.4711489199325765
       ],
       [
        2.423355782312464,
        -0.7240427915606203
       ],
       [
        0.5049824961339655,
        -0.7795094918731844
       ]
      ]
     ]
    ],
    "centroids": [
     [
      1.4324036136611595,
      0.34561001186159335,
      0.0
     ]
    ],
    "h": 1.9793879115918596
   },
   "mtl": {
    "face": 4,
    "border": 1
   }
  },
  {
   "geom": {
    "polygons": [
     [
      [
       [
        0.4423687892705863,
        1.415567150245204
       ],
       [
        0.3795625664690716,
        3.6106659718530296
       ],
       [
        2.294119587087573,
        3.6663621336191756
       ],
       [
        2.3588368615100275,
        1.4711489199325765
       ],
       [
        0.4423687892705863,
        1.415567150245204
       ]
      ]
     ]
    ],
    "centroids": [
     [
      1.3687395828899884,
      2.5407543697156183,
      0.0
     ]
    ],
    "h": 1.1876327469551158
   },
   "mtl": {
    "face": 5,
    "border": 1
   }
  },
  {
   "geom": {
    "polygons": [
     [
      [
       [
        0.25337332132515655,
        8.000930228853491
       ],
       [
        0.1899906717494404,
        10.1960958000186
       ],
       [
        2.0987795699398015,
        10.252131060342354
       ],
       [
        2.1640907490832917,
        8.056853137317928
       ],
       [
        0.25337332132515655,
        8.000930228853491
       ]
      ]
     ]
    ],
    "centroids": [
     [
      1.1765762119103074,
      9.126318655248662,
      0.0
     ]
    ],
    "h": 0.19793879115918595
   },
   "mtl": {
    "face": 2,
    "border": 1
   }
  },
  {
   "geom": {
    "polygons": [
     [
      [
       [
        2.551797800798783,
        -5.114361976824274
       ],
       [
        2.4876761594235686,
        -2.919213089962577
       ],
       [
        4.4080518602445995,
        -2.8622028200719556
       ],
       [
        4.474067724347375,
        -5.057471598793071
       ],
       [
        2.551797800798783,
        -5.114361976824274
       ]
      ]
     ]
    ],
    "centroids": [
     [
      3.480416545745002,
      -3.988491848581989,
      0.0
     ]
    ],
    "h": 0.19793879115918595
   },
   "mtl": {
    "face": 2,
    "border": 1
   }
  },
  {
   "geom": {
    "polygons": [
     [
      [
       [
        2.4876761594235686,
        -2.919213089962577
       ],
       [
        2.423355782312464,
        -0.7240427915606203
       ],
       [
        4.341831410746366,
        -0.6669133246274862
       ],
       [
        4.4080518602445995,
        -2.8622028200719556
       ],
       [
        2.4876761594235686,
        -2.919213089962577
       ]
      ]
     ]
    ],
    "centroids": [
     [
      3.4152469629400883,
      -1.793273220149806,
      0.0
     ]
    ],
    "h": 0.3958775823183719
   },
   "mtl": {
    "face": 0,
    "border": 1
   }
  },
  {
   "geom": {
    "polygons": [
     [
      [
       [
        2.423355782312464,
        -0.7240427915606203
       ],
       [
        2.3588368615100275,
        1.4711489199325765
       ],
       [
        4.275406573744811,
        1.5283968876376697
       ],
       [
        4.341831410746366,
        -0.6669133246274862
       ],
       [
        2.423355782312464,
        -0.7240427915606203
       ]
      ]
     ]
    ],
    "centroids": [
     [
      3.3498758171751075,
      0.401966471344286,
      0.0
     ]
    ],
    "h": 0.7917551646367438
   },
   "mtl": {
    "face": 3,
    "border": 1
   }
  },
  {
   "geom": {
    "polygons": [
     [
      [
       [
        2.3588368615100275,
        1.4711489199325765
       ],
       [
        2.294119587087573,
        3.6663621336191756
       ],
       [
        4.208777545100839,
        3.7237279043845577
       ],
       [
        4.275406573744811,
        1.5283968876376697
       ],
       [
        2.3588368615100275,
        1.4711489199325765
       ]
      ]
     ]
    ],
    "centroids": [
     [
      3.2843033024188673,
      2.5972272704797645,
      0.0
     ]
    ],
    "h": 0.5938163734775579
   },
   "mtl": {
    "face": 3,
    "border": 1
   }
  },
  {
   "geom": {
    "polygons": [
     [
      [
       [
        4.275406573744811,
        1.5283968876376697
       ],
       [
        4.208777545100839,
        3.7237279043845577
       ],
       [
        6.123539444693272,
        3.782763907332241
       ],
       [
        6.192080951036727,
        1.5873116768739832
       ],
       [
        4.275406573744811,
        1.5283968876376697
       ]
      ]
     ]
    ],
    "centroids": [
     [
      5.1999698181697696,
      2.6553683859328787,
      0.0
     ]
    ],
    "h": 0.19793879115918595
   },
   "mtl": {
    "face": 2,
    "border": 1
   }
  },
  {
   "geom": {
    "polygons": [
     [
      [
       [
        4.074907708080511,
        8.114452415334732
       ],
       [
        4.0076672958479165,
        10.309846039708534
       ],
       [
        5.916656790975305,
        10.369241360204292
       ],
       [
        5.9858271607206355,
        8.173728685372934
       ],
       [
        4.074907708080511,
        8.114452415334732
       ]
      ]
     ]
    ],
    "centroids": [
     [
      4.996283430615711,
      9.241633189603085,
      0.0
     ]
    ],
    "h": 0.19793879115918595
   },
   "mtl": {
    "face": 2,