{
 "type": "block",
 "layer": 11,
 "block": 0,
 "features": [
  {
   "geom": {
    "polygons": [
     [
      [
       [
        -7.112717008839703,
        -3.1793865322683557
       ],
       [
        -7.167547136906361,
        -0.9847604368707549
       ],
       [
        -5.249553234910853,
        -0.9359389426367548
       ],
       [
        -5.192826336153244,
        -3.130666973424422
       ],
       [
        -7.112717008839703,
        -3.1793865322683557
       ]
      ]
     ]
    ],
    "centroids": [
     [
      -6.180645411095586,
      -2.0578683566207707,
      0.0
     ]
    ],
    "h": 0.19793879115918595
   },
   "mtl": {
    "face": 0,
    "border": 1
   }
  },
  {
   "geom": {
    "polygons": [
     [
      [
       [
        0.5049824961339655,
        -0.7795094918731844
       ],
       [
        0.4423687892705863,
        1.415567150245204
       ],
       [
        2.3588368615100275,
        1.4711489199325765
       ],
       [
        2.423355782312464,
        -0.7240427915606203
       ],
       [
        0.5049824961339655,
        -0.7795094918731844
       ]
      ]
     ]
    ],
    "centroids": [
     [
      1.4324036136611595,
      0.34561001186159335,
      0.0
     ]
    ],
    "h": 1.7814491204326734
   },
   "mtl": {
    "face": 2,
    "border": 1
   }
  },
  {
   "geom": {
    "polygons": [
     [
      [
       [
        0.4423687892705863,
        1.415567150245204
       ],
       [
        0.3795625664690716,
        3.6106659718530296
       ],
       [
        2.294119587087573,
        3.6663621336191756
       ],
       [
        2.3588368615100275,
        1.4711489199325765
       ],
       [
        0.4423687892705863,
        1.415567150245204
       ]
      ]
     ]
    ],
    "centroids": [
     [
      1.3687395828899884,
      2.5407543697156183,
      0.0
     ]
    ],
    "h": 0.19793879115918595
   },
   "mtl": {
    "face": 0,
    "border": 1
   }
  },
  {
   "geom": {
    "polygons": [
     [
      [
       [
        2.4876761594235686,
        -2.919213089962577
       ],
       [
        2.423355782312464,
        -0.7240427915606203
       ],
       [
        4.341831410746366,
        -0.6669133246274862
       ],
       [
        4.4080518602445995,
        -2.8622028200719556
       ],
       [
        2.4876761594235686,
        -2.919213089962577
       ]
      ]
     ]
    ],
    "centroids": [
     [
      3.4152469629400883,
      -1.793273220149806,
      0.0
     ]
    ],
    "h": 0.19793879115918595
   },
   "mtl": {
    "face": 0,
    "border": 1
   }
  },
  {
   "geom": {
    "polygons": [
     [
      [
       [
        2.423355782312464,
        -0.7240427915606203
       ],
       [
        2.3588368615100275,
        1.4711489199325765
       ],
       [
        4.275406573744811,
        1.5283968876376697
       ],
       [
        4.341831410746366,
        -0.6669133246274862
       ],
       [
        2.423355782312464,
        -0.7240427915606203
       ]
      ]
     ]
    ],
    "centroids": [
     [
      3.3498758171751075,
      0.401966471344286,
      0.0
     ]
    ],
    "h": 0.19793879115918595
   },
   "mtl": {
    "face": 0,
    "border": 1
   }
  },
  {
   "geom": {
    "polygons": [
     [
      [
       [
        2.3588368615100275,
        1.4711489199325765
       ],
       [
        2.294119587087573,
        3.6663621336191756
       ],
       [
        4.208777545100839,
        3.7237279043845577
       ],
       [
        4.275406573744811,
        1.5283968876376697
       ],
       [
        2.3588368615100275,
        1.4711489199325765
       ]
      ]
     ]
    ],
    "centroids": [
     [
      3.2843033024188673,
      2.5972272704797645,
      0.0
     ]
    ],
    "h": 0.19793879115918595
   },
   "mtl": {
    "face": 0,
    "border": 1
   }
  },
  {
   "geom": {
    "polygons": [
     [
      [
       [
        2.294119587087573,
        3.6663621336191756
       ],
       [
        2.2292041523046646,
        5.861596850536035
       ],
       [
        4.1419445239574415,
        5.919079725213717
       ],
       [
        4.208777545100839,
        3.7237279043845577
       ],
       [
        2.294119587087573,
        3.6663621336191756
       ]
      ]
     ]
    ],
    "centroids": [
     [
      3.2185296132558605,
      4.792509221612125,
      0.0
     ]
    ],
    "h": 0.19793879115918595
   },
   "mtl": {
    "face": 0,
    "border": 1
   }
  },
  {
   "geom": {
    "polygons": [
     [
      [
       [
        2.2292041523046646,
        5.861596850536035
       ],
       [
        2.1640907490832917,
        8.056853137317928
       ],
       [
        4.074907708080511,
        8.114452415334732
       ],
       [
        4.1419445239574415,
        5.919079725213717
       ],
       [
        2.2292041523046646,
        5.861596850536035
       ]
      ]
     ]
    ],
    "centroids": [
     [
      3.1525549452100843,
      6.987812357842048,
      0.0
     ]
    ],
    "h": 0.5938163734775579
   },
   "mtl": {
    "face": 3,
    "border": 1
   }
  },
  {
   "geom": {
    "polygons": [
     [
      [
       [
        4.341831410746366,
        -0.6669133246274862
       ],
       [
        4.275406573744811,
        1.5283968876376697
       ],
       [
        6.192080951036727,
        1.5873116768739832
       ],
       [
        6.260412427365236,
        -0.6081204672465242
       ],
       [
        4.341831410746366,
        -0.6669133246274862
       ]
      ]
     ]
    ],
    "centroids": [
     [
      5.2674515297779,
      0.4599877244891148,
      0.0
     ]
    ],
    "h": 0.3958775823183719
   },
   "mtl": {
    "face": 4,
    "border": 1
   }
  },
  {
   "geom": {
    "polygons": [
     [
      [
       [
        4.275406573744811,
        1.5283968876376697
       ],
       [
        4.208777545100839,
        3.7237279043845577
       ],
       [
        6.123539444693272,
        3.782763907332241
       ],
       [
        6.192080951036727,
        1.5873116768739832
       ],
       [
        4.275406573744811,
        1.5283968876376697
       ]
      ]
     ]
    ],
    "centroids": [
     [
      5.1999698181697696,
      2.6553683859328787,
      0.0
     ]
    ],
    "h": 1.3855715381143017
   },
   "mtl": {
    "face": 2,
    "border": 1
   }
  },
  {
   "geom": {
    "polygons": [
     [
      [
       [
        4.208777545100839,
        3.7237279043845577
       ],
       [
        4.1419445239574415,
        5.919079725213717
       ],
       [
        6.054788113378873,
        5.9782362222505085
       ],
       [
        6.123539444693272,
        3.782763907332241
       ],
       [
        4.208777545100839,
        3.7237279043845577
       ]
      ]
     ]
    ],
    "centroids": [
     [
      5.132281096907043,
      4.850769490717482,
      0.0
     ]
    ],
    "h": 0.5938163734775579
   },
   "mtl": {
    "face": 3,
    "border": 1
   }
  },
  {
   "geom": {
    "polygons": [
     [
      [
       [
        4.0076672958479165,
        10.309846039708534
       ],
       [
        3.940223488275507,
        12.505260597185824
       ],
       [
        5.8472772111132,
        12.564774244142287
       ],
       [
        5.916656790975305,
        10.369241360204292
       ],
       [
        4.0076672958479165,
        10.309846039708534
       ]
      ]
     ]
    ],
    "centroids": [
     [
      4.927974889251185,
      11.437095879230032,
      0.0
     ]
    ],
    "h": 0.19793879115918595
   },
   "mtl": {
    "face": 0,