{
 "type": "block",
 "layer": 1,
 "block": 1,
 "features": [
  {
   "geom": {
    "polygons": [
     [
      [
       [
        12.164246086198593,
        -4.8133389137566
       ],
       [
        12.090645899247876,
        -2.6175558523019986
       ],
       [
        14.011582356521068,
        -2.5522392954851965
       ],
       [
        14.08708058641479,
        -4.748159604930803
       ],
       [
        12.164246086198593,
        -4.8133389137566
       ]
      ]
     ]
    ],
    "centroids": [
     [
      13.088409538664736,
      -3.6830029841182443,
      0.0
     ]
    ],
    "h": 0.3958775823183719
   },
   "mtl": {
    "face": 2,
    "border": 1
   }
  },
  {
   "geom": {
    "polygons": [
     [
      [
       [
        12.090645899247876,
        -2.6175558523019986
       ],
       [
        12.016817724314787,
        -0.42175505707207767
       ],
       [
        13.935850286960926,
        -0.3563020490154072
       ],
       [
        14.011582356521068,
        -2.5522392954851965
       ],
       [
        12.090645899247876,
        -2.6175558523019986
       ]
      ]
     ]
    ],
    "centroids": [
     [
      13.013744873557586,
      -1.4871433676149748,
      0.0
     ]
    ],
    "h": 0.19793879115918595
   },
   "mtl": {
    "face": 0,
    "border": 1
   }
  },
  {
   "geom": {
    "polygons": [
     [
      [
       [
        14.23737463023491,
        -9.139949646087114
       ],
       [
        14.162344752976052,
        -6.944063057596627
       ],
       [
        16.087194301816076,
        -6.8773654266594075
       ],
       [
        16.164111326751417,
        -9.073394362678785
       ],
       [
        14.23737463023491,
        -9.139949646087114
       ]
      ]
     ]
    ],
    "centroids": [
     [
      15.162777589602728,
      -8.008871241337355,
      0.0
     ]
    ],
    "h": 0.5938163734775579
   },
   "mtl": {
    "face": 4,
    "border": 1
   }
  },
  {
   "geom": {
    "polygons": [
     [
      [
       [
        14.162344752976052,
        -6.944063057596627
       ],
       [
        14.08708058641479,
        -4.748159604930803
       ],
       [
        16.010037123670063,
        -4.681320440230765
       ],
       [
        16.087194301816076,
        -6.8773654266594075
       ],
       [
        14.162344752976052,
        -6.944063057596627
       ]
      ]
     ]
    ],
    "centroids": [
     [
      15.086685527823873,
      -5.812905984182848,
      0.0
     ]
    ],
    "h": 1.3855715381143017
   },
   "mtl": {
    "face": 5,
    "border": 1
   }
  },
  {
   "geom": {
    "polygons": [
     [
      [
       [
        16.164111326751417,
        -9.073394362678785
       ],
       [
        16.087194301816076,
        -6.8773654266594075
       ],
       [
        18.01216980163448,
        -6.809010696753327
       ],
       [
        18.090974820849915,
        -9.005185491056633
       ],
       [
        16.164111326751417,
        -9.073394362678785
       ]
      ]
     ]
    ],
    "centroids": [
     [
      17.088634429806238,
      -7.941417132298437,
      0.0
     ]
    ],
    "h": 1.9793879115918596
   },
   "mtl": {
    "face": 5,
    "border": 1
   }
  },
  {
   "geom": {
    "polygons": [
     [
      [
       [
        16.087194301816076,
        -6.8773654266594075
       ],
       [
        16.010037123670063,
        -4.681320440230765
       ],
       [
        17.933118764814694,
        -4.61282068618892
       ],
       [
        18.01216980163448,
        -6.809010696753327
       ],
       [
        16.087194301816076,
        -6.8773654266594075
       ]
      ]
     ]
    ],
    "centroids": [
     [
      17.01065186496733,
      -5.745308184265894,
      0.0
     ]
    ],
    "h": 1.5835103292734876
   },
   "mtl": {
    "face": 5,
    "border": 1
   }
  }
 ]
}