{
 "type": "block",
 "layer": 3,
 "block": 1,
 "features": [
  {
   "geom": {
    "polygons": [
     [
      [
       [
        14.162344752976052,
        -6.944063057596627
       ],
       [
        14.08708058641479,
        -4.748159604930803
       ],
       [
        16.010037123670063,
        -4.681320440230765
       ],
       [
        16.087194301816076,
        -6.8773654266594075
       ],
       [
        14.162344752976052,
        -6.944063057596627
       ]
      ]
     ]
    ],
    "centroids": [
     [
      15.086685527823873,
      -5.812905984182848,
      0.0
     ]
    ],
    "h": 1.3855715381143017
   },
   "mtl": {
    "face": 5,
    "border": 1
   }
  },
  {
   "geom": {
    "polygons": [
     [
      [
       [
        16.164111326751417,
        -9.073394362678785
       ],
       [
        16.087194301816076,
        -6.8773654266594075
       ],
       [
        18.01216980163448,
        -6.809010696753327
       ],
       [
        18.090974820849915,
        -9.005185491056633
       ],
       [
        16.164111326751417,
        -9.073394362678785
       ]
      ]
     ]
    ],
    "centroids": [
     [
      17.088634429806238,
      -7.941417132298437,
      0.0
     ]
    ],
    "h": 1.5835103292734876
   },
   "mtl": {
    "face": 5,
    "border": 1
   }
  },
  {
   "geom": {
    "polygons": [
     [
      [
       [
        16.087194301816076,
        -6.8773654266594075
       ],
       [
        16.010037123670063,
        -4.681320440230765
       ],
       [
        17.933118764814694,
        -4.61282068618892
       ],
       [
        18.01216980163448,
        -6.809010696753327
       ],
       [
        16.087194301816076,
        -6.8773654266594075
       ]
      ]
     ]
    ],
    "centroids": [
     [
      17.01065186496733,
      -5.745308184265894,
      0.0
     ]
    ],
    "h": 1.1876327469551158
   },
   "mtl": {
    "face": 3,
    "border": 1
   }
  },
  {
   "geom": {
    "polygons": [
     [
      [
       [
        15.542063807300854,
        8.495287923581218
       ],
       [
        15.463232052687538,
        10.691446072958378
       ],
       [
        17.372892979075395,
        10.760937493026404
       ],
       [
        17.45365947661113,
        8.56464020732578
       ],
       [
        15.542063807300854,
        8.495287923581218
       ]
      ]
     ]
    ],
    "centroids": [
     [
      16.457983949585497,
      9.627893874232178,
      0.0
     ]
    ],
    "h": 0.19793879115918595
   },
   "mtl": {
    "face": 2,
    "border": 1
   }
  }
 ]
}