{
 "type": "block",
 "layer": 5,
 "block": 1,
 "features": [
  {
   "geom": {
    "polygons": [
     [
      [
       [
        16.164111326751417,
        -9.073394362678785
       ],
       [
        16.087194301816076,
        -6.8773654266594075
       ],
       [
        18.01216980163448,
        -6.809010696753327
       ],
       [
        18.090974820849915,
        -9.005185491056633
       ],
       [
        16.164111326751417,
        -9.073394362678785
       ]
      ]
     ]
    ],
    "centroids": [
     [
      17.088634429806238,
      -7.941417132298437,
      0.0
     ]
    ],
    "h": 1.5835103292734876
   },
   "mtl": {
    "face": 4,
    "border": 1
   }
  },
  {
   "geom": {
    "polygons": [
     [
      [
       [
        16.087194301816076,
        -6.8773654266594075
       ],
       [
        16.010037123670063,
        -4.681320440230765
       ],
       [
        17.933118764814694,
        -4.61282068618892
       ],
       [
        18.01216980163448,
        -6.809010696753327
       ],
       [
        16.087194301816076,
        -6.8773654266594075
       ]
      ]
     ]
    ],
    "centroids": [
     [
      17.01065186496733,
      -5.745308184265894,
      0.0
     ]
    ],
    "h": 1.1876327469551158
   },
   "mtl": {
    "face": 5,
    "border": 1
   }
  },
  {
   "geom": {
    "polygons": [
     [
      [
       [
        18.01216980163448,
        -6.809010696753327
       ],
       [
        17.933118764814694,
        -4.61282068618892
       ],
       [
        19.856328576415017,
        -4.542659590959714
       ],
       [
        19.93727433993294,
        -6.738998115709583
       ],
       [
        18.01216980163448,
        -6.809010696753327
       ]
      ]
     ]
    ],
    "centroids": [
     [
      18.934745268322374,
      -5.676051164680076,
      0.0
     ]
    ],
    "h": 0.19793879115918595
   },
   "mtl": {
    "face": 2,
    "border": 1
   }
  },
  {
   "geom": {
    "polygons": [
     [
      [
       [
        17.45365947661113,
        8.56464020732578
       ],
       [
        17.372892979075395,
        10.760937493026404
       ],
       [
        19.28267598761447,
        10.832114109852816
       ],
       [
        19.36537809898402,
        8.635674341759627
       ],
       [
        17.45365947661113,
        8.56464020732578
       ]
      ]
     ]
    ],
    "centroids": [
     [
      18.36867403693059,
      9.698157467184764,
      0.0
     ]
    ],
    "h": 0.19793879115918595
   },
   "mtl": {
    "face": 2,
    "border": 1
   }
  }
 ]
}